<?xml version="1.0" encoding="utf-8"?>
<extension type="file" version="3.0" client="site" method="upgrade"	>
    <name>pm_nextpay</name>
	<creationDate>May 2017</creationDate>
    <author>Nextpay</author>
    <copyright>2017 Nextpay.ir</copyright>
    <license>http://www.gnu.org/licenses GNU/GPL</license>
    <authorUrl>http://nextpay.ir</authorUrl>
    <authorEmail>info@nextpay.ir</authorEmail>
    <version>2.0</version>
    <description>Nextpay Joomshopping Payment Files</description>
	<fileset>
		<files folder="site" target="components/com_jshopping/payments">
			<folder>pm_nextpay</folder>
		</files>
	</fileset>
</extension>
