<?xml version="1.0" encoding="utf-8"?>
<extension type="component" version="3.0">
  <name>com_jshopping_nextpay</name>
  <creationDate>May 2017</creationDate>
  <author>Nextpay</author>
  <authorEmail>info@nextpay.ir</authorEmail>
  <authorUrl>http://nextpay.ir</authorUrl>
  <copyright>2017 Nextpay.ir</copyright>
  <version>1.0</version>
  <description>COM_JSHOPPING_NEXTPAY_DESC</description>
  <install>
    <sql>
      <file driver="mysql" charset="utf8">install/sql/mysql/install.utf8.sql</file>
    </sql>
  </install>
  <uninstall>
    <sql>
      <file driver="mysql" charset="utf8">install/sql/mysql/uninstall.utf8.sql</file>
    </sql>
  </uninstall>
  <administration>
    <menu>COM_JSHOPPING_NEXTPAY</menu>
    <submenu>
      <menu link="option=com_jshopping_nextpay&amp;view=transactionList">COM_JSHOPPING_NEXTPAY_TRANSACTIONS_LIST</menu>
    </submenu>
    <files folder="admin">
      <folder>install</folder>
      <filename>jshopping_nextpay.php</filename>
    </files>
    <languages folder="admin/language">
      <language tag="fa-IR">fa-IR.com_jshopping_nextpay.ini</language>
      <language tag="fa-IR">fa-IR.com_jshopping_nextpay.sys.ini</language>
      <language tag="en-GB">en-GB.com_jshopping_nextpay.ini</language>
      <language tag="en-GB">en-GB.com_jshopping_nextpay.sys.ini</language>
    </languages>
  </administration>
  <params/>
</extension>
